{"pressure": 1203.9013671875, "mid": 13, "temperature": 5.078125, "pitch": 0.0, "y": 0, "x": -3, "yaw": 0.0, "roll": 0.0, "humidity": 34.625}